Year,State,City,Total_Population,Total_CO2
2011,UT,Salt Lake City,376362.0,798862.0
2015,UT,Salt Lake City,383474.0,0.0
2013,UT,Salt Lake City,383322.0,532155.0
2012,UT,Salt Lake City,379430.0,762193.0
2014,UT,Salt Lake City,382796.0,579607.0
2017,UT,Salt Lake City,401140.0,0.0
2018,UT,Salt Lake City,401182.0,0.0
2016,UT,Salt Lake City,388364.0,0.0
2013,MN,Hopkins,36100.0,3751.0
2015,MN,Hopkins,36186.0,620.0
2016,MN,Hopkins,36288.0,3948.0
2014,MN,Hopkins,36132.0,9696.0
2017,MN,Hopkins,37244.0,5125.0
2011,MN,Hopkins,35564.0,49505.0
2018,MN,Hopkins,37210.0,0.0
2012,MN,Hopkins,36024.0,10249.0
2015,OR,Klamath Falls,41874.0,17331.0
2013,OR,Portland,609970.0,129431.0
2011,OR,Portland,595410.0,349549.0
2014,OR,Portland,620647.0,304612.0
2018,OR,Klamath Falls,43072.0,23449.0
2018,OR,Portland,653115.0,1282128.0
2016,OR,Portland,643136.0,1330888.0
2017,OR,Klamath Falls,42592.0,23450.0
2015,OR,Portland,631539.0,1223128.0
2012,OR,Portland,604285.0,264250.0
2017,OR,Portland,648630.0,1345226.0
2014,OR,Klamath Falls,41674.0,13976.0
2016,OR,Klamath Falls,42194.0,22504.0
2017,TX,El Paso,2292480.0,56871.0
2014,TX,Dallas,3807351.0,1295061.0
2016,TX,El Paso,2286259.0,24478.0
2018,TX,Irving,484484.0,1564199.0
2015,TX,Arlington,778202.0,78464.0
2013,TX,Arlington,758532.0,51587.0
2016,TX,San Antonio,1488512.0,1.8306928E7
2013,TX,San Antonio,1408787.0,1.4659973E7
2011,TX,Dallas,3633471.0,538506.0
2011,TX,Houston,2161463.0,3.3313224E7
2012,TX,Dallas,3705377.0,1270518.0
2015,TX,San Antonio,1464531.0,1.7282809E7
2016,TX,Irving,480172.0,1452262.0
2011,TX,San Antonio,1357536.0,1442261.0
2017,TX,Houston,2354429.0,3.6197909E7
2017,TX,Irving,481668.0,1490770.0
2012,TX,San Antonio,1383608.0,4.2050793E7
2013,TX,Lubbock,800508.0,751307.0
2015,TX,El Paso,2274282.0,21125.0
2015,TX,Irving,474716.0,1387712.0
2018,TX,Arlington,796224.0,74618.0
2014,TX,Arlington,766148.0,69365.0
2014,TX,Houston,2277409.0,3.4739897E7
2017,TX,San Antonio,1511409.0,1.9208023E7
2018,TX,Houston,2362596.0,3.6344726E7
2014,TX,San Antonio,1435839.0,1.6200818E7
2015,TX,Houston,2322955.0,3.6802257E7
2013,TX,Dallas,3751395.0,1275395.0
2018,TX,San Antonio,1532233.0,2.0029018E7
2017,TX,Arlington,794210.0,67441.0
2014,TX,El Paso,2277090.0,37022.0
2016,TX,Arlington,789560.0,43638.0
2016,TX,Houston,2346374.0,3.6737968E7
2012,TX,Houston,2197085.0,3.2282863E7
2013,TX,El Paso,2268844.0,24388.0
2013,TX,Houston,2234650.0,3.3099092E7
2016,ND,Bismarck,289740.0,6197.0
2015,ND,Bismarck,285128.0,0.0
2013,ND,Bismarck,268140.0,0.0
2018,ND,Bismarck,292448.0,16244.0
2012,ND,Bismarck,258788.0,316.0
2017,ND,Bismarck,291840.0,3504.0
2014,ND,Bismarck,275660.0,0.0
2015,CT,Stamford,513628.0,22.0
2016,CT,Stamford,516168.0,605465.0
2011,CT,Stamford,495920.0,48181.0
2014,CT,Stamford,511896.0,1783.0
2013,CT,Stamford,505272.0,22222.0
2012,CT,Stamford,500216.0,89124.0
2017,CT,Stamford,519804.0,345345.0
2017,NE,Omaha,933548.0,682205.0
2015,NE,Cambridge,2094.0,12949.0
2014,NE,Omaha,922772.0,689713.0
2016,NE,Omaha,931108.0,622114.0
2016,NE,Cambridge,2072.0,16127.0
2013,NE,Omaha,918182.0,631625.0
2015,NE,Omaha,926944.0,653849.0
2011,NE,Omaha,906434.0,582046.0
2014,NE,Cambridge,2084.0,8481.0
2018,NE,Cambridge,2052.0,14054.0
2017,NE,Cambridge,2072.0,17331.0
2012,NE,Omaha,912676.0,581858.0
2018,NE,Omaha,936524.0,685109.0
2015,NV,Reno,476670.0,95080.0
2017,NV,Reno,494212.0,52671.0
2015,NV,Las Vegas,1235680.0,699722.0
2011,NV,Las Vegas,1173270.0,778506.0
2012,NV,Reno,458138.0,50478.0
2011,NV,Reno,454320.0,62989.0
2014,NV,Las Vegas,1216550.0,654821.0
2016,NV,Reno,484952.0,60029.0
2018,NV,Las Vegas,1289288.0,770069.0
2016,NV,Las Vegas,1253900.0,752590.0
2014,NV,Reno,468602.0,73472.0
2012,NV,Las Vegas,1186822.0,734995.0
2013,NV,Las Vegas,1199554.0,727863.0
2017,NV,Las Vegas,1271256.0,768782.0
2018,NV,Reno,501996.0,57943.0
2013,NV,Reno,462322.0,60135.0
2017,WA,Spokane,1088085.0,13154.0
2018,WA,Bellevue,295198.0,3712.0
2013,WA,Bellevue,267646.0,3654.0
2014,WA,Blaine,9930.0,6770463.0
2013,WA,Blaine,9786.0,1.5935447E7
2013,WA,Spokane,1035803.0,0.0
2014,WA,Bellevue,272890.0,0.0
2014,WA,Spokane,1043708.0,0.0
2018,WA,Blaine,10872.0,7324023.0
2015,WA,Bellevue,279836.0,0.0
2015,WA,Tacoma,413602.0,0.0
2016,WA,Bellevue,283854.0,629.0
2016,WA,Blaine,10278.0,7475105.0
2015,WA,Blaine,10068.0,7394070.0
2017,WA,Blaine,10618.0,7352966.0
2015,WA,Spokane,1054732.0,0.0
2012,WA,Blaine,9646.0,2.9003006E7
2017,WA,Bellevue,290902.0,234.0
2012,WA,Spokane,1030887.0,0.0
2017,WA,Tacoma,426860.0,0.0
2014,WA,Tacoma,407524.0,0.0
2018,WA,Tacoma,432558.0,948.0
2016,WA,Spokane,1071727.0,0.0
2016,WA,Tacoma,420536.0,0.0
2018,WA,Spokane,1103855.0,1801.0
2013,IL,Decatur,149928.0,479752.0
2011,IL,Decatur,151836.0,28850.0
2014,IL,Decatur,148326.0,263185.0
2012,IL,Decatur,150902.0,18186.0
2015,IL,Decatur,146574.0,376801.0
2017,IL,Decatur,143784.0,251100.0
2018,IL,Decatur,142580.0,76452.0
2016,IL,Decatur,145100.0,314960.0
2017,OK,Tulsa,1084628.0,0.0
2011,OK,Tulsa,1036510.0,0.0
2014,OK,Tulsa,1066595.0,0.0
2013,OK,Tulsa,1057457.0,0.0
2015,OK,Tulsa,1080141.0,0.0
2016,OK,Tulsa,1086285.0,0.0
2018,OK,Tulsa,1085148.0,0.0
2012,OK,Tulsa,1044670.0,0.0
2016,NM,Farmington,91622.0,0.0
2014,NM,Farmington,92242.0,0.0
2017,NM,Farmington,90878.0,0.0
2012,NM,Farmington,92456.0,413.0
2011,NM,Farmington,92176.0,518.0
2018,NM,Albuquerque,1120436.0,1705.0
2015,NM,Farmington,91806.0,0.0
2013,NM,Farmington,92428.0,0.0
2018,NM,Farmington,89576.0,0.0
2016,MO,St. Louis,2256135.0,383458.0
2015,MO,Liberty,60882.0,70438.0
2014,MO,St. Louis,2274496.0,204236.0
2017,MO,St. Louis,2240752.0,341278.0
2014,MO,Liberty,60686.0,28749.0
2018,MO,St. Louis,2226244.0,379518.0
2017,MO,Liberty,62952.0,70679.0
2013,MO,Liberty,60244.0,33992.0
2016,MO,Liberty,61230.0,60046.0
2011,MO,St. Louis,2279121.0,424906.0
2015,MO,St. Louis,2270773.0,226429.0
2012,MO,St. Louis,2280565.0,253504.0
2018,MO,Liberty,63558.0,24996.0
2013,MO,St. Louis,2277446.0,251522.0
2011,MO,Liberty,59124.0,55152.0
2012,MO,Liberty,59670.0,29860.0
2017,GA,Gainesville,80910.0,23218.0
2016,GA,Gainesville,76554.0,12226.0
2018,GA,Gainesville,82928.0,20660.0
2018,MI,Ann Arbor,487560.0,188927.0
2018,KS,Overland Park,770144.0,29817.0
2014,KS,Wichita,1556737.0,782907.0
2015,KS,Wichita,1560598.0,1460263.0
2016,KS,Wichita,1565002.0,1797679.0
2017,KS,Wichita,1564033.0,1542634.0
2018,KS,Wichita,1559793.0,1348562.0
2013,KS,Wichita,1551846.0,23096.0
2012,NJ,Jersey City,1024592.0,0.0
2013,NJ,Jersey City,1028972.0,0.0
2011,NJ,Jersey City,1011640.0,23937.0
2014,NJ,Jersey City,1035176.0,0.0
2014,MD,Baltimore,2694501.0,489872.0
2012,MD,Baltimore,2686942.0,0.0
2018,MD,Baltimore,2635916.0,592012.0
2016,MD,Baltimore,2676163.0,466452.0
2017,MD,Baltimore,2658126.0,465618.0
2011,MD,Baltimore,2674123.0,454783.0
2015,MD,Baltimore,2693921.0,755152.0
2013,MD,Baltimore,2689729.0,399212.0
2017,AZ,Tucson,1083558.0,0.0
2015,AZ,Tempe,358442.0,153861.0
2018,AZ,Tempe,384728.0,306676.0
2014,AZ,Cochise,177256.0,55790.0
2013,AZ,Phoenix,3054672.0,206963.0
2017,AZ,Phoenix,3269968.0,170878.0
2016,AZ,Chandler,495690.0,0.0
2016,AZ,Cochise,175079.0,56495.0
2017,AZ,Tempe,371862.0,133473.0
2011,AZ,Phoenix,2940104.0,214705.0
2014,AZ,Tempe,351460.0,104044.0
2015,AZ,Phoenix,3169854.0,717769.0
2015,AZ,Chandler,487358.0,86729.0
2012,AZ,Cochise,182946.0,56127.0
2013,AZ,Tempe,341614.0,79082.0
2014,AZ,Phoenix,3113104.0,524093.0
2016,AZ,Tucson,1075662.0,0.0
2018,AZ,Page,15132.0,0.0
2014,AZ,Chandler,481786.0,48870.0
2017,AZ,Cochise,174211.0,22212.0
2016,AZ,Phoenix,3227162.0,337638.0
2011,AZ,Cochise,184519.0,58118.0
2018,AZ,Cochise,176488.0,9875.0
2015,AZ,Cochise,176088.0,54533.0
2016,AZ,Tempe,370008.0,136131.0
2012,AZ,Phoenix,2999678.0,291325.0
2013,AZ,Cochise,179969.0,50586.0
2018,AZ,Phoenix,3320544.0,58706.0
2016,IA,Ames,131762.0,140959.0
2015,IA,Ames,131324.0,20862.0
2013,IA,Ames,126092.0,12026.0
2014,IA,Ames,129530.0,51747.0
2017,IA,Ames,132570.0,273102.0
2018,IA,Ames,134308.0,447548.0
2014,MA,Marlborough,158764.0,119754.0
2012,MA,Marlborough,157220.0,176335.0
2011,MA,Marlborough,155736.0,65.0
2013,MA,Marlborough,157872.0,98003.0
2018,MA,Boston,2778332.0,0.0
2017,MA,Boston,2753104.0,0.0
2016,MA,Boston,2721880.0,0.0
2015,TN,Knoxville,368668.0,0.0
2012,TN,Knoxville,362540.0,334150.0
2014,TN,Knoxville,366062.0,61491.0
2018,TN,Knoxville,375000.0,856259.0
2011,TN,Knoxville,360168.0,278117.0
2017,TN,Knoxville,373946.0,30130.0
2013,TN,Knoxville,364354.0,134257.0
2015,FL,Coral Gables,101542.0,5507.0
2014,FL,Fort Lauderdale,350456.0,0.0
2014,FL,Coral Gables,101274.0,9898.0
2015,FL,Jacksonville,1731670.0,19310.0
2018,FL,Fort Lauderdale,365190.0,0.0
2013,FL,Tampa,704852.0,188206.0
2016,FL,Coral Gables,101838.0,1295.0
2012,FL,Jacksonville,1673994.0,5472.0
2012,FL,Tampa,697310.0,215671.0
2012,FL,Fort Lauderdale,341882.0,0.0
2013,FL,Jacksonville,1685524.0,0.0
2013,FL,Juno Beach,6582.0,65672.0
2013,FL,Coral Gables,100430.0,0.0
2017,FL,Fort Lauderdale,359772.0,0.0
2014,FL,Juno Beach,6736.0,78046.0
2018,FL,Coral Gables,101998.0,68020.0
2014,FL,Jacksonville,1705120.0,2067.0
2017,FL,Coral Gables,102342.0,647.0
2016,FL,Juno Beach,7168.0,108451.0
2016,FL,Jacksonville,1760990.0,7590.0
2011,FL,Jacksonville,1659108.0,148.0
2012,FL,Juno Beach,6516.0,17645.0
2017,FL,Jacksonville,1783472.0,2712.0
2017,FL,Juno Beach,7236.0,97543.0
2015,FL,Juno Beach,6964.0,79041.0
2018,FL,Jacksonville,1807778.0,6393.0
2011,FL,Juno Beach,6444.0,5525.0
2016,FL,Fort Lauderdale,357768.0,0.0
2011,FL,Fort Lauderdale,338042.0,0.0
2011,FL,Tampa,693556.0,88424.0
2018,FL,Juno Beach,7296.0,125507.0
2013,FL,Fort Lauderdale,344658.0,0.0
2015,FL,Fort Lauderdale,354814.0,0.0
2014,FL,Tampa,717508.0,191400.0
2018,ID,Boise,13816.0,59843.0
2012,CA,Santa Barbara,744002.0,21611.0
2014,CA,Escondido,299598.0,1099368.0
2015,CA,Napa,327254.0,16686.0
2015,CA,Porterville,119904.0,10440.0
2016,CA,Santa Fe Springs,35966.0,29793.0
2017,CA,Selma,49432.0,9821.0
2017,CA,Sunnyvale,306508.0,44486.0
2018,CA,Escalon,15174.0,24589.0
2012,CA,Oakdale,42448.0,64613.0
2014,CA,Apple Valley,142386.0,2097963.0
2014,CA,Industry,416.0,11930.0
2015,CA,Simi Valley,252580.0,10469.0
2015,CA,Union City,148696.0,35671.0
2016,CA,Santa Paula,60586.0,8538.0
2016,CA,Shafter,38030.0,1115890.0
2011,CA,Salinas,304908.0,70158.0
2011,CA,Sanger,48894.0,57547.0
2011,CA,Santa Ana,656510.0,36791.0
2012,CA,Thousand Oaks,255386.0,23211.0
2012,CA,Union City,143326.0,31821.0
2013,CA,San Juan Capistrano,71098.0,27641.0
2014,CA,Commerce,25962.0,108953.0
2014,CA,Gridley,13144.0,0.0
2014,CA,Kerman,28690.0,16833.0
2015,CA,Manteca,149996.0,16644.0
2017,CA,San Marcos,191622.0,9772.0
2017,CA,Vallejo,243288.0,0.0
2017,CA,Woodland,119754.0,306885.0
2011,CA,Pomona,299364.0,62419.0
2012,CA,Antioch,211160.0,1421219.0
2012,CA,San Francisco,2487081.0,4.2861651E7
2012,CA,San Joaquin,851793.0,13524.0
2013,CA,Newport Beach,173880.0,11635.0
2014,CA,Carlsbad,223376.0,694602.0
2018,CA,Merced,537491.0,92508.0
2011,CA,Fountain Valley,111912.0,24165.0
2011,CA,South Lake Tahoe,42746.0,111239.0
2011,CA,Tehachapi,28668.0,557216.0
2012,CA,Needles,9798.0,73942.0
2012,CA,Palo Alto,132232.0,173149.0
2013,CA,Napa,323806.0,14830.0
2013,CA,Thousand Oaks,256574.0,22377.0
2015,CA,Delano,105056.0,20606.0
2015,CA,Holtville,12742.0,14665.0
2015,CA,Weed,5092.0,125137.0
2016,CA,Ripon,30832.0,16569.0
2016,CA,Santa Ana,668350.0,1046188.0
2017,CA,Gridley,13202.0,20632.0
2013,CA,Colton,106262.0,221476.0
2015,CA,San Bernardino,2848617.0,5094.0
2017,CA,Anderson,20692.0,986817.0
2013,CA,Avalon,7528.0,22787.0
2015,CA,Chula Vista,528980.0,54256.0
2015,CA,Livermore,176492.0,84383.0
2015,CA,Twentynine Palms,51782.0,45155.0
2016,CA,Turlock,145022.0,967537.0
2017,CA,Manteca,157904.0,17230.0
2011,CA,Ontario,331518.0,288315.0
2011,CA,San Joaquin,845620.0,8522.0
2012,CA,Chowchilla,36112.0,153263.0
2012,CA,Gilroy,101476.0,185602.0
2013,CA,Dixon,37824.0,40735.0
2014,CA,Compton,195434.0,27456.0
2015,CA,Pomona,305106.0,53742.0
2016,CA,Santa Rosa,364950.0,0.0
2017,CA,Madera,358379.0,153558.0
2018,CA,Blythe,39918.0,1133296.0
2012,CA,Coronado,46404.0,156249.0
2012,CA,Redondo Beach,134918.0,423155.0
2014,CA,Susanville,31050.0,31118.0
2014,CA,Vallejo,239288.0,0.0
2015,CA,Shasta Lake,20184.0,68445.0
2016,CA,Lincoln,94042.0,502651.0
2017,CA,Sutter,117418.0,0.0
2018,CA,Fresno,2224892.0,830939.0
2011,CA,Brea,79654.0,60765.0
2011,CA,Santa Maria,200598.0,21195.0
2012,CA,Shasta Lake,20188.0,70460.0
2013,CA,Corona,317972.0,140122.0
2013,CA,Gilroy,103848.0,140237.0
2014,CA,Irwindale,2838.0,30724.0
2015,CA,Sanger,49652.0,58207.0
2016,CA,Redlands,142216.0,1942291.0
2018,CA,Coalinga,33068.0,0.0
2011,CA,South Gate,189212.0,30003.0
2012,CA,Lincoln,88492.0,552740.0
2012,CA,Madera,347443.0,109998.0
2013,CA,San Francisco,2519523.0,4.4719218E7
2015,CA,Fairfield,224822.0,31768.0
2015,CA,Loma Linda,47948.0,60039.0
2016,CA,Carlsbad,226846.0,604655.0
2011,CA,Norwalk,211830.0,54907.0
2012,CA,Irvine,458166.0,3123905.0
2014,CA,Encinitas,124096.0,9258.0
2015,CA,Apple Valley,143618.0,1932090.0
2015,CA,Lancaster,319946.0,0.0
2016,CA,Escalon,15024.0,22934.0
2018,CA,Novato,111310.0,16682.0
2011,CA,Dixon,36924.0,35298.0
2013,CA,Pomona,302274.0,55981.0
2013,CA,Sacramento,2982634.0,8702494.0
2015,CA,Lathrop,40602.0,25709.0
2015,CA,Taft,18940.0,63180.0
2016,CA,Azusa,99498.0,188659.0
2016,CA,Half Moon Bay,25510.0,46897.0
2017,CA,Richmond,219572.0,4778614.0
2018,CA,Industry,404.0,11161.0
2018,CA,Taft,18792.0,66274.0
2011,CA,Chino,159212.0,108901.0
2012,CA,Calipatria,15966.0,140089.0
2012,CA,El Cajon,202982.0,53728.0
2012,CA,Taft,17844.0,43435.0
2013,CA,Vernon,226.0,974564.0
2014,CA,Martinez,74980.0,7071520.0
2015,CA,Avalon,7546.0,22965.0
2015,CA,Banning,61526.0,122240.0
2015,CA,Red Bluff,28168.0,23168.0
2016,CA,Colton,109106.0,198152.0
2017,CA,Yuba City,133414.0,188231.0
2018,CA,El Cajon,206482.0,19116.0
2018,CA,Huron,14576.0,59456.0
2011,CA,Shafter,34886.0,110199.0
2013,CA,Eureka,53790.0,163408.0
2015,CA,Avenal,26494.0,44353.0
2015,CA,Thousand Oaks,257592.0,20013.0
2016,CA,Apple Valley,144664.0,2156578.0
2016,CA,Newport Beach,173294.0,157197.0
2017,CA,Cerritos,101584.0,0.0
2017,CA,Huron,14584.0,55879.0
2017,CA,Lancaster,319236.0,0.0
2017,CA,Rio Vista,17936.0,525728.0
2011,CA,Oxnard,399808.0,581881.0
2011,CA,Truckee,32296.0,20057.0
2013,CA,Orange,3511930.0,192883.0
2013,CA,Torrance,293582.0,7889152.0
2013,CA,West Sacramento,100018.0,783721.0
2014,CA,Avalon,7544.0,22390.0
2014,CA,La Mirada,98112.0,7507.0
2015,CA,Lompoc,87898.0,44974.0
2018,CA,La Mirada,97366.0,8614.0
2018,CA,San Bernardino,2911629.0,8514.0
2018,CA,South San Francisco,135466.0,30859.0
2018,CA,Ventura,946196.0,26000.0
2012,CA,Imperial,244973.0,879419.0
2017,CA,Santee,115800.0,18802.0
2013,CA,El Cajon,204548.0,37520.0
2013,CA,Woodland,113462.0,304891.0
2014,CA,Reedley,50662.0,103201.0
2014,CA,Signal Hill,22862.0,37559.0
2014,CA,Watsonville,105950.0,48689.0
2015,CA,Coalinga,33000.0,198350.0
2016,CA,Portola,3870.0,4463.0
2018,CA,Arroyo Grande,36174.0,169296.0
2018,CA,San Diego,6710329.0,8351006.0
2014,CA,South Gate,189662.0,62089.0
2015,CA,El Segundo,33822.0,5161317.0
2015,CA,Santa Rosa,363936.0,0.0
2016,CA,Santa Clara,2267614.0,1346216.0
2017,CA,Fairfield,231774.0,28635.0
2017,CA,Los Banos,77972.0,220330.0
2017,CA,Victorville,244382.0,904755.0
2011,CA,Maricopa,2324.0,1173165.0
2012,CA,Petaluma,117384.0,35093.0
2012,CA,Santa Clara,2160668.0,1348480.0
2014,CA,Colton,107482.0,214405.0
2016,CA,La Mirada,98240.0,7772.0
2016,CA,Selma,49398.0,9980.0
2011,CA,Anaheim,680404.0,1882147.0
2012,CA,Hanford,108946.0,74184.0
2013,CA,Hollister,72302.0,15109.0
2014,CA,Livingston,27454.0,88936.0
2015,CA,Industry,416.0,10979.0
2016,CA,Cerritos,100872.0,0.0
2016,CA,Norwalk,212004.0,38709.0
2018,CA,Corona,337638.0,49661.0
2011,CA,Huron,13492.0,52810.0
2012,CA,Gridley,13096.0,0.0
2012,CA,Martinez,73662.0,7174540.0
2013,CA,Oxnard,405716.0,1008144.0
2015,CA,Riverside,3365223.0,634743.0
2016,CA,Wheatland,7528.0,23381.0
2017,CA,Lompoc,86612.0,33912.0
2017,CA,Long Beach,934734.0,2924837.0
2018,CA,Monterey,599215.0,0.0
2011,CA,Half Moon Bay,23004.0,48578.0
2011,CA,Vacaville,186454.0,8059.0
2011,CA,Sutter,115062.0,466718.0
2012,CA,Cupertino,119600.0,914330.0
2012,CA,Stockton,593332.0,302106.0
2012,CA,Wheatland,7050.0,10980.0
2014,CA,Holtville,12526.0,21908.0
2014,CA,Los Angeles,1.8925342E7,5.9440042E7
2014,CA,South Lake Tahoe,43034.0,106060.0
2015,CA,Rancho Mirage,35794.0,19980.0
2015,CA,Susanville,30504.0,30328.0
2015,CA,Walnut,60052.0,18453.0
2016,CA,Merced,526586.0,108236.0
2018,CA,Gilroy,117512.0,123719.0
2012,CA,Barstow,46242.0,527157.0
2012,CA,South Gate,189232.0,59282.0
2015,CA,Redlands,141380.0,2275820.0
2016,CA,Sunnyvale,307266.0,35163.0
2011,CA,Folsom,145188.0,1054317.0
2011,CA,Roseville,245192.0,247229.0
2012,CA,Santa Cruz,521248.0,28117.0
2013,CA,Ukiah,31702.0,0.0
2014,CA,Delano,104936.0,26096.0
2014,CA,Redding,182302.0,548419.0
2018,CA,Apple Valley,147016.0,2097700.0
2012,CA,Menlo Park,65660.0,30375.0
2013,CA,Sanger,49180.0,61757.0
2013,CA,South San Francisco,132616.0,60408.0
2016,CA,Ione,14060.0,23812.0
2017,CA,Banning,62304.0,147035.0
2018,CA,Gardena,119442.0,16755.0
2018,CA,La Mesa,119112.0,19077.0
2018,CA,Union City,149118.0,43300.0
2011,CA,Needles,9754.0,51576.0
2011,CA,Oakdale,41888.0,66739.0
2013,CA,Lodi,126332.0,20957.0
2014,CA,Fountain Valley,113430.0,25665.0
2017,CA,Ceres,96928.0,74914.0
2018,CA,Willows,12040.0,61252.0
2011,CA,Riverside,3210952.0,982198.0
2012,CA,Brawley,50968.0,109834.0
2013,CA,Delano,104684.0,30891.0
2014,CA,Rio Vista,16020.0,816464.0
2015,CA,Rosemead,109020.0,1768048.0
2011,CA,Rancho Cucamonga,335890.0,131441.0
2014,CA,Oxnard,409252.0,754304.0
2015,CA,Santa Ana,667472.0,46982.0
2016,CA,Holtville,12848.0,16943.0
2018,CA,Carson,183818.0,8173866.0
2018,CA,Hanford,113820.0,46916.0
2018,CA,Pico Rivera,125776.0,0.0
2011,CA,Fullerton,272802.0,63624.0
2011,CA,Palo Alto,130716.0,170507.0
2011,CA,San Ramon,144372.0,2784617.0
2013,CA,Holtville,12054.0,20295.0
2014,CA,Anderson,20316.0,797069.0
2015,CA,Dixon,38574.0,34811.0
2015,CA,Redding,181980.0,591880.0
2015,CA,Willows,12032.0,52555.0
2016,CA,Burbank,208532.0,1008318.0
2016,CA,Rancho Cucamonga,351950.0,221413.0
2016,CA,Susanville,29704.0,29085.0
2017,CA,South San Francisco,134424.0,31087.0
2018,CA,Pittsburg,144874.0,2617383.0
2012,CA,Signal Hill,22294.0,31259.0
2012,CA,Sutter,114774.0,482621.0
2013,CA,Coalinga,33430.0,174721.0
2013,CA,Susanville,31030.0,27463.0
2013,CA,Truckee,32168.0,66709.0
2014,CA,Santa Paula,60742.0,24832.0
2017,CA,Chowchilla,36994.0,162509.0
2017,CA,El Centro,88120.0,476141.0
2017,CA,Needles,9974.0,37973.0
2013,CA,Avenal,28274.0,33569.0
2013,CA,Imperial,245736.0,1340196.0
2014,CA,Orange,3535964.0,85144.0
2015,CA,Fresno,2176959.0,710050.0
2015,CA,Kerman,28870.0,16808.0
2017,CA,Redondo Beach,135218.0,364424.0
2018,CA,San Ramon,151678.0,3.6310692E7
2012,CA,Avenal,29710.0,41896.0
2013,CA,Corcoran,46678.0,52075.0
2013,CA,San Marcos,178988.0,6882.0
2014,CA,San Francisco,2553348.0,4.3137003E7
2015,CA,Signal Hill,22962.0,35971.0
2015,CA,Truckee,32536.0,71716.0
2011,CA,Napa,319349.0,17457.0
2012,CA,Duarte,43222.0,14505.0
2013,CA,South Gate,189474.0,61315.0
2014,CA,Escalon,14714.0,23610.0
2016,CA,Berkeley,242974.0,142748.0
2018,CA,Sutter,117851.0,236091.0
2011,CA,Ripon,28968.0,60906.0
2011,CA,Shasta Lake,20196.0,70021.0
2013,CA,Escalon,14464.0,24232.0
2014,CA,Cerritos,99172.0,0.0
2014,CA,Mendota,22710.0,247440.0
2014,CA,Turlock,141624.0,1231579.0
2015,CA,Palmdale,314392.0,25209.0
2016,CA,McFarland,29008.0,0.0
2016,CA,San Juan Capistrano,71998.0,28674.0
2013,CA,Bakersfield,726898.0,1.2092014E7
2013,CA,Lemoore,49678.0,153614.0
2013,CA,Oakdale,42918.0,73116.0
2014,CA,Imperial,248294.0,1504324.0
2014,CA,Redondo Beach,135456.0,190184.0
2015,CA,Corcoran,45024.0,52463.0
2015,CA,Gilroy,106584.0,135746.0
2016,CA,Palmdale,313984.0,23251.0
2018,CA,Compton,193234.0,36426.0
2015,CA,Gardena,120028.0,20277.0
2015,CA,San Joaquin,879012.0,10524.0
2016,CA,Alameda,1958596.0,0.0
2016,CA,Redondo Beach,135810.0,226285.0
2018,CA,Chino,183166.0,18703.0
2012,CA,Arcata,35732.0,13207.0
2014,CA,Hanford,110118.0,121396.0
2014,CA,San Jose,2028836.0,1193197.0
2015,CA,Hanford,111170.0,85475.0
2015,CA,San Jose,2052198.0,1491938.0
2017,CA,Pomona,305318.0,0.0
2012,CA,Kerman,28582.0,14525.0
2016,CA,Visalia,261748.0,98400.0
2017,CA,Paramount,109332.0,148455.0
2017,CA,San Juan Capistrano,71884.0,28307.0
2017,CA,Santa Clara,2271542.0,1249297.0
2018,CA,Riverside,3504431.0,721671.0
2016,CA,Ceres,96164.0,69793.0
2016,CA,King City,27706.0,194371.0
2017,CA,Big Bear Lake,10534.0,0.0
2018,CA,Loma Linda,48764.0,57106.0
2011,CA,Manhattan Beach,70478.0,0.0
2011,CA,Redlands,138646.0,1801536.0
2012,CA,Oxnard,402168.0,823614.0
2013,CA,Taft,17854.0,48177.0
2014,CA,Carson,185534.0,8146259.0
2015,CA,Burbank,209226.0,1214883.0
2017,CA,Holtville,13124.0,17787.0
2011,CA,Apple Valley,140060.0,1401348.0
2011,CA,Watsonville,103168.0,12207.0
2013,CA,Salinas,310194.0,71860.0
2014,CA,Norwalk,212564.0,31765.0
2015,CA,Imperial,250021.0,1516172.0
2015,CA,San Ramon,150326.0,3.7206616E7
2016,CA,Santa Cruz,537941.0,33423.0
2017,CA,Newark,94758.0,26289.0
2018,CA,Fremont,475614.0,23770.0
2018,CA,Needles,9964.0,55194.0
2011,CA,Davis,131312.0,75370.0
2011,CA,Mendota,22688.0,229290.0
2013,CA,Richmond,214238.0,4263067.0
2013,CA,Willows,12134.0,54563.0
2016,CA,Long Beach,938870.0,3218706.0
2016,CA,Maricopa,2368.0,1577708.0
2012,CA,West Sacramento,99096.0,427763.0
2013,CA,Mendota,22720.0,241179.0
2013,CA,Riverside,3286413.0,761640.0
2014,CA,Paramount,109898.0,125990.0
2016,CA,Chula Vista,533220.0,48339.0
2016,CA,South San Francisco,134572.0,31437.0
2017,CA,Chino,179434.0,100895.0
2018,CA,Carlsbad,231754.0,632792.0
2011,CA,Biggs,3384.0,0.0
2011,CA,South San Francisco,128984.0,101687.0
2012,CA,Colton,105924.0,220037.0
2014,CA,San Luis Obispo,492940.0,69323.0
2014,CA,Truckee,32472.0,35720.0
2015,CA,Fremont,463394.0,33947.0
2015,CA,Goleta,61594.0,175295.0
2015,CA,South Gate,191446.0,61848.0
2016,CA,Lemoore,51382.0,113775.0
2016,CA,South Lake Tahoe,43542.0,99467.0
2018,CA,Calipatria,14824.0,157631.0
2011,CA,Reedley,49370.0,148918.0
2011,CA,Twentynine Palms,50734.0,34920.0
2012,CA,Eureka,53856.0,193208.0
2012,CA,Sunnyvale,292948.0,47224.0
2014,CA,Yuba City,131546.0,173582.0
2015,CA,Norwalk,212730.0,37047.0
2016,CA,Chino,175152.0,107479.0
2018,CA,Chowchilla,37542.0,159329.0
2011,CA,San Francisco,2447031.0,3.9521242E7
2013,CA,Needles,9816.0,71514.0
2014,CA,Santa Fe Springs,34742.0,40741.0
2016,CA,Santa Maria,211792.0,93646.0
2017,CA,Camarillo,135098.0,122947.0
2017,CA,Fremont,468474.0,22148.0
2017,CA,Gardena,119914.0,19028.0
2017,CA,Wheatland,7658.0,23408.0
2012,CA,Huron,13504.0,50788.0
2012,CA,San Jose,1966644.0,1263587.0
2013,CA,Brawley,51088.0,158825.0
2013,CA,Union City,145172.0,27598.0
2013,CA,Visalia,254758.0,66384.0
2015,CA,Elk Grove,332180.0,224223.0
2016,CA,Oakland,841596.0,55875.0
2016,CA,Redwood City,170656.0,0.0
2016,CA,San Francisco,2618385.0,3.947615E7
2017,CA,San Joaquin,903208.0,14513.0
2018,CA,Barstow,47944.0,443445.0
2018,CA,Rancho Mirage,36672.0,19438.0
2018,CA,Vallejo,243826.0,0.0
2018,CA,Woodland,121062.0,340017.0
2011,CA,Hercules,48692.0,0.0
2011,CA,Rosemead,108060.0,8641559.0
2013,CA,Healdsburg,22968.0,0.0
2013,CA,Rosemead,108870.0,6941353.0
2013,CA,Santa Paula,60230.0,26420.0
2013,CA,Tulare,715134.0,159719.0
2015,CA,Watsonville,107096.0,26275.0
2016,CA,Benicia,56242.0,2786748.0
2016,CA,Livermore,179070.0,83138.0
2018,CA,Santa Fe Springs,35664.0,21765.0
2011,CA,Martinez,73014.0,7910357.0
2013,CA,Firebaugh,16116.0,246013.0
2013,CA,Santa Barbara,752788.0,20490.0
2015,CA,Wheatland,7458.0,10808.0
2018,CA,Santa Clara,2280468.0,807856.0
2012,CA,Bakersfield,715716.0,1.6472357E7
2012,CA,Rosemead,108478.0,7734201.0
2015,CA,Oroville,37936.0,0.0
2016,CA,Bakersfield,751688.0,1.0481171E7
2016,CA,Biggs,3396.0,0.0
2016,CA,Elk Grove,338486.0,203158.0
2011,CA,Antioch,208388.0,1498804.0
2011,CA,Livermore,165166.0,48554.0
2013,CA,Maricopa,2358.0,1606075.0
2014,CA,El Centro,87088.0,582374.0
2015,CA,Arcata,35882.0,28055.0
2015,CA,Fontana,412754.0,224863.0
2016,CA,Thousand Oaks,257430.0,21445.0
2013,CA,Fresno,2136711.0,682070.0
2013,CA,Pittsburg,133336.0,3798564.0
2015,CA,Santa Barbara,765444.0,25769.0
2016,CA,Hanford,111294.0,56034.0
2016,CA,Kingsburg,23570.0,135986.0
2016,CA,Yreka,15130.0,15592.0
2017,CA,Commerce,25776.0,109235.0
2017,CA,Oakdale,46074.0,51865.0
2017,CA,Williams,10642.0,330188.0
2017,CA,Yreka,15178.0,17393.0
2018,CA,Santa Cruz,537393.0,33208.0
2011,CA,Elk Grove,311262.0,184749.0
2011,CA,Santee,109050.0,19886.0
2011,CA,Victorville,235822.0,752381.0
2011,CA,West Covina,213476.0,44121.0
2012,CA,Redlands,139316.0,2543993.0
2012,CA,Sacramento,2956978.0,8887913.0
2013,CA,Davis,132466.0,71308.0
2014,CA,Tracy,171430.0,522209.0
2017,CA,Sacramento,3118753.0,6636196.0
2017,CA,Santa Cruz,539073.0,33530.0
2018,CA,Twentynine Palms,52836.0,56845.0
2011,CA,Fresno,2106960.0,499908.0
2011,CA,Taft,18568.0,41553.0
2015,CA,Kingsburg,23504.0,153656.0
2015,CA,Merced,524274.0,104907.0
2017,CA,Arcata,36294.0,13811.0
2017,CA,Elk Grove,343006.0,156873.0
2018,CA,Brea,87202.0,152918.0
2018,CA,Kerman,30074.0,21864.0
2018,CA,Shafter,40116.0,1068688.0
2018,CA,Stockton,622356.0,745019.0
2011,CA,Irvine,440522.0,3315462.0
2011,CA,Ventura,925262.0,20165.0
2012,CA,Carlsbad,217964.0,1221027.0
2012,CA,Holtville,12022.0,23751.0
2013,CA,Compton,195328.0,27751.0
2013,CA,Menifee,166420.0,626347.0
2014,CA,Corona,321312.0,130169.0
2014,CA,Cupertino,121292.0,935061.0
2014,CA,Sacramento,3015572.0,7199984.0
2015,CA,Orange,3564772.0,87171.0
2018,CA,Ceres,97538.0,78140.0
2018,CA,Norwalk,210240.0,14039.0
2018,CA,Orange,3601933.0,254702.0
2018,CA,South Gate,188886.0,65173.0
2011,CA,Irwindale,2832.0,41405.0
2012,CA,Modesto,410216.0,1665372.0
2013,CA,Ventura,934588.0,26699.0
2014,CA,Chowchilla,37704.0,192218.0
2014,CA,Vacaville,190872.0,19157.0
2014,CA,Willows,12136.0,51678.0
2015,CA,Hayward,315780.0,1104417.0
2011,CA,Lincoln,87542.0,529845.0
2013,CA,Gardena,119652.0,29720.0
2013,CA,Redding,181550.0,533347.0
2014,CA,Stanton,77038.0,16331.0
2016,CA,Blue Lake,2532.0,613.0
2016,CA,Chowchilla,36376.0,165337.0
2016,CA,Imperial,251305.0,1405088.0
2016,CA,Vallejo,242128.0,0.0
2012,CA,Compton,194786.0,29352.0
2013,CA,Madera,348269.0,106139.0
2014,CA,Salinas,311826.0,87779.0
2014,CA,Ukiah,31742.0,0.0
2015,CA,Fountain Valley,113408.0,25079.0
2016,CA,Anderson,20324.0,836509.0
2016,CA,Porterville,119896.0,9948.0
2016,CA,Vernon,226.0,907284.0
2017,CA,Huntington Beach,402382.0,289629.0
2017,CA,Oxnard,418346.0,794531.0
2018,CA,Lathrop,46568.0,33411.0
2018,CA,Martinez,76804.0,6863431.0
2016,CA,Simi Valley,252392.0,8173.0
2018,CA,Newark,96396.0,28674.0
2018,CA,Oakland,858164.0,58644.0
2018,CA,Wheatland,7778.0,24595.0
2012,CA,Richmond,212088.0,4308971.0
2012,CA,Yuba City,130566.0,228532.0
2013,CA,Gridley,13100.0,0.0
2015,CA,Petaluma,120574.0,30193.0
2016,CA,Barstow,47810.0,369946.0
2017,CA,Watsonville,107874.0,12095.0
2011,CA,Susanville,34536.0,26844.0
2014,CA,Redlands,140528.0,2404125.0
2014,CA,Shafter,35252.0,923114.0
2015,CA,Maricopa,2372.0,2173944.0
2018,CA,Burbank,207390.0,956295.0
2018,CA,Tehachapi,24864.0,629435.0
2018,CA,Visalia,267600.0,99684.0
2012,CA,Banning,60434.0,111390.0
2013,CA,Tracy,169784.0,545117.0
2014,CA,Bakersfield,735410.0,1.2413293E7
2015,CA,Glendale,398904.0,393601.0
2015,CA,Santa Clara,2254721.0,1243946.0
2016,CA,Coalinga,33144.0,174150.0
2017,CA,Moreno Valley,413426.0,14558.0
2011,CA,McFarland,25570.0,633785.0
2012,CA,Vacaville,187346.0,6648.0
2016,CA,Martinez,76648.0,7150765.0
2017,CA,Vacaville,199390.0,40474.0
2013,CA,Lompoc,86812.0,58859.0
2014,CA,King City,27002.0,235295.0
2014,CA,Lompoc,87806.0,56818.0
2014,CA,Weed,5426.0,111280.0
2016,CA,Fullerton,281296.0,81298.0
2016,CA,San Diego,6629168.0,1.0059631E7
2017,CA,San Diego,6665570.0,1.0080332E7
2018,CA,Rio Vista,18478.0,409407.0
2018,CA,Salinas,312518.0,96893.0
2011,CA,Arroyo Grande,34724.0,241217.0
2012,CA,Hollister,71380.0,15016.0
2012,CA,San Luis Obispo,486039.0,64210.0
2012,CA,Visalia,252918.0,69874.0
2015,CA,Vernon,226.0,887213.0
2016,CA,Camarillo,134540.0,124361.0
2016,CA,Union City,150876.0,40781.0
2018,CA,Signal Hill,23110.0,31084.0
2011,CA,La Palma,31350.0,2.9816022E7
2012,CA,McFarland,24726.0,605560.0
2015,CA,Healdsburg,23420.0,0.0
2017,CA,Livingston,28158.0,98421.0
2018,CA,Vernon,224.0,731249.0
2012,CA,Loma Linda,47276.0,60300.0
2012,CA,Maricopa,2340.0,1337839.0
2012,CA,Roseville,248622.0,369957.0
2013,CA,Commerce,25946.0,111122.0
2014,CA,Hayward,308700.0,854485.0
2017,CA,Palmdale,313616.0,16003.0
2018,CA,Alameda,1971896.0,8218.0
2018,CA,West Covina,212622.0,39687.0
2012,CA,Salinas,307802.0,66142.0
2013,CA,Anderson,20180.0,909760.0
2013,CA,Coronado,46710.0,158703.0
2013,CA,Signal Hill,22592.0,35635.0
2014,CA,Fullerton,277898.0,89230.0
2015,CA,Morro Bay,21160.0,0.0
2015,CA,Newark,90482.0,36801.0
2016,CA,Oxnard,415508.0,700814.0
2017,CA,Maricopa,2382.0,1215165.0
2018,CA,Alturas,5018.0,0.0
2011,CA,Redondo Beach,134388.0,314000.0
2016,CA,Hollister,75066.0,14864.0
2018,CA,Rancho Cucamonga,355502.0,138559.0
2011,CA,Yreka,15490.0,10210.0
2014,CA,Burbank,209016.0,1090449.0
2014,CA,San Diego,6508119.0,1.1694477E7
2015,CA,Alameda,1941152.0,0.0
2016,CA,Carson,185420.0,8262343.0
2016,CA,Madera,354325.0,141488.0
2017,CA,Fresno,2208509.0,695536.0
2018,CA,Vacaville,200308.0,30037.0
2011,CA,Camarillo,131042.0,106194.0
2012,CA,Hercules,49150.0,0.0
2012,CA,Vernon,226.0,897825.0
2014,CA,Arroyo Grande,35740.0,250288.0
2014,CA,Santa Clara,2222236.0,1307460.0
2015,CA,El Centro,87384.0,533203.0
2015,CA,Torrance,294310.0,8218122.0
2018,CA,Huntington Beach,401282.0,233001.0
2018,CA,Redondo Beach,134824.0,205816.0
2018,CA,San Juan Capistrano,72026.0,27337.0
2018,CA,Tracy,183624.0,486661.0
2011,CA,Lodi,125508.0,22278.0
2012,CA,Palmdale,309884.0,29553.0
2013,CA,Shafter,34568.0,1183424.0
2014,CA,Lodi,127274.0,21687.0
2016,CA,Brawley,52132.0,98091.0
2016,CA,Redding,182420.0,483979.0
2017,CA,La Mirada,97776.0,8779.0
2017,CA,Suisun City,58996.0,45617.0
2018,CA,Newport Beach,170652.0,141440.0
2018,CA,Rocklin,134442.0,0.0
2013,CA,Antioch,214768.0,1401600.0
2014,CA,Lathrop,39056.0,33612.0
2014,CA,San Marcos,184942.0,9543.0
2015,CA,Huntington Beach,401710.0,463437.0
2017,CA,Antioch,222838.0,1272459.0
2018,CA,Lincoln,95956.0,525811.0
2011,CA,Blue Lake,2490.0,18570.0
2012,CA,Manhattan Beach,70722.0,0.0
2013,CA,Industry,414.0,11690.0
2014,CA,Barstow,46986.0,452838.0
2014,CA,Benicia,55602.0,2710549.0
2015,CA,Duarte,43680.0,12972.0
2015,CA,Eureka,53814.0,186330.0
2015,CA,Suisun City,58572.0,11392.0
2015,CA,West Sacramento,104930.0,34834.0
2016,CA,Blythe,39566.0,384916.0
2016,CA,Suisun City,58782.0,32966.0
2017,CA,Redwood City,172770.0,0.0
2017,CA,San Francisco,2637498.0,3.9004878E7
2013,CA,San Diego,6421217.0,1.367536E7
2014,CA,Irvine,494566.0,4381616.0
2014,CA,Madera,351524.0,124655.0
2014,CA,Sonora,9606.0,130250.0
2015,CA,Big Bear Lake,10404.0,0.0
2015,CA,Biggs,3384.0,0.0
2015,CA,Ione,13996.0,183599.0
2015,CA,Redondo Beach,135694.0,331247.0
2016,CA,Roseville,265398.0,280474.0
2018,CA,Imperial,254504.0,1222439.0
2011,CA,Lathrop,36634.0,100793.0
2011,CA,Pasadena,275356.0,782436.0
2011,CA,Turlock,138328.0,905742.0
2012,CA,Arroyo Grande,35062.0,239015.0
2014,CA,Half Moon Bay,24714.0,49968.0
2014,CA,Newman,21446.0,6555.0
2016,CA,Mendota,22800.0,0.0
2017,CA,Glendale,404292.0,432858.0
2018,CA,Santa Maria,214816.0,126449.0
2012,CA,Rancho Mirage,34954.0,17962.0
2013,CA,Livermore,170952.0,69253.0
2014,CA,Avenal,26534.0,47413.0
2016,CA,Victorville,243824.0,1275552.0
2017,CA,Irvine,552826.0,2422256.0
2012,CA,Benicia,54692.0,2939902.0
2012,CA,Watsonville,103770.0,12013.0
2012,CA,Weed,5874.0,110721.0
2015,CA,La Palma,31642.0,0.0
2016,CA,Avalon,7524.0,22768.0
2016,CA,Sacramento,3085051.0,7551309.0
2017,CA,Imperial,253877.0,1559148.0
2018,CA,Anderson,20952.0,818697.0
2018,CA,Irwindale,2926.0,24342.0
2011,CA,Santa Paula,59524.0,21073.0
2013,CA,Calipatria,14170.0,174028.0
2013,CA,Los Banos,73274.0,255099.0
2014,CA,Victorville,242426.0,1597751.0
2015,CA,Anderson,20296.0,840614.0
2016,CA,Calipatria,14998.0,179374.0
2017,CA,Napa,325548.0,15368.0
2017,CA,Thousand Oaks,256968.0,20339.0
2013,CA,Livingston,26932.0,90524.0
2013,CA,Redondo Beach,135332.0,237353.0
2016,CA,El Centro,88042.0,557333.0
2016,CA,Loma Linda,48234.0,59128.0
2016,CA,Tehachapi,24980.0,643098.0
2016,CA,Torrance,293320.0,8352497.0
2017,CA,Menifee,180668.0,144827.0
2018,CA,Camarillo,138254.0,61656.0
2013,CA,La Mirada,97978.0,7688.0
2014,CA,Stockton,601340.0,590244.0
2017,CA,Avalon,7494.0,23217.0
2017,CA,Ripon,31226.0,21916.0
2018,CA,Moreno Valley,418100.0,4851.0
2018,CA,Williams,10648.0,329342.0
2011,CA,Lemoore,48938.0,101133.0
2011,CA,Paramount,108668.0,1266580.0
2012,CA,Newman,21172.0,16579.0
2013,CA,Portola,3920.0,1753.0
2014,CA,Ceres,94010.0,75371.0
2015,CA,Sonora,9608.0,142886.0
2016,CA,Fairfield,229090.0,27152.0
2016,CA,Kerman,29126.0,19975.0
2017,CA,Orange,3593785.0,107895.0
2018,CA,Stanton,76468.0,18188.0
2011,CA,Merced,509530.0,0.0
2011,CA,Modesto,408082.0,1477095.0
2012,CA,Blue Lake,2482.0,102124.0
2012,CA,Paramount,109188.0,666781.0
2014,CA,Tehachapi,26480.0,599550.0
2014,CA,Ventura,939134.0,25206.0
2015,CA,American Canyon,40750.0,0.0
2016,CA,Gilroy,110818.0,124276.0
2018,CA,Napa,323282.0,16910.0
2013,CA,Apple Valley,141482.0,1895840.0
2014,CA,Biggs,3386.0,0.0
2014,CA,Duarte,43658.0,12497.0
2015,CA,Martinez,76112.0,6885214.0
2016,CA,Lodi,129018.0,0.0
2016,CA,Lompoc,87140.0,44851.0
2011,CA,Blythe,40580.0,518242.0
2011,CA,Burbank,207498.0,1110958.0
2013,CA,Hanford,109414.0,98739.0
2013,CA,Martinez,74264.0,7380875.0
2013,CA,Paramount,109764.0,254553.0
2014,CA,Glendale,396840.0,460101.0
2015,CA,Needles,9898.0,83562.0
2015,CA,Santa Cruz,535944.0,24518.0
2017,CA,Benicia,56492.0,2369137.0
2017,CA,Santa Maria,212750.0,101276.0
2017,CA,Tracy,181158.0,478173.0
2011,CA,Colton,105432.0,232876.0
2011,CA,Los Angeles,1.8552494E7,5.7360334E7
2015,CA,Brawley,51522.0,91034.0
2016,CA,Napa,327407.0,16368.0
2016,CA,Truckee,32708.0,67518.0
2018,CA,Goleta,61642.0,15314.0
2018,CA,San Jose,2060238.0,1103924.0
2011,CA,Alameda,1822519.0,0.0
2013,CA,Cerritos,99094.0,0.0
2014,CA,Alameda,1911683.0,0.0
2015,CA,Antioch,220652.0,1418145.0
2015,CA,Carson,185720.0,7985870.0
2015,CA,Paramount,110034.0,65380.0
2015,CA,Santa Maria,209064.0,99815.0
2016,CA,Anaheim,701696.0,1502788.0
2017,CA,Davis,137498.0,56361.0
2017,CA,Duarte,43324.0,14161.0
2017,CA,Hayward,319988.0,306525.0
2017,CA,Kingsburg,23940.0,131995.0
2017,CA,San Luis Obispo,500419.0,106438.0
2018,CA,Watsonville,107840.0,11873.0
2011,CA,El Segundo,33440.0,2.2921624E7
2011,CA,Newport Beach,172188.0,12372.0
2011,CA,Orange,3449368.0,531815.0
2012,CA,Long Beach,934128.0,3774909.0
2013,CA,Fontana,405608.0,253522.0
2013,CA,Lathrop,38266.0,134243.0
2014,CA,El Segundo,33828.0,4814216.0
2014,CA,Gilroy,105152.0,97263.0
2017,CA,Avenal,24826.0,29428.0
2017,CA,Pittsburg,143926.0,1610114.0
2011,CA,La Mirada,97416.0,7865.0
2012,CA,Santa Maria,202298.0,53181.0
2015,CA,Fullerton,280262.0,87134.0
2015,CA,San Luis Obispo,495874.0,88421.0
2015,CA,Shafter,36774.0,772695.0
2017,CA,Dixon,40258.0,33304.0
2011,CA,Santa Clara,2130684.0,1123207.0
2012,CA,Livingston,26836.0,88821.0
2013,CA,Rancho Cucamonga,341820.0,291847.0
2015,CA,Visalia,259058.0,81048.0
2015,CA,Yuba City,132374.0,179167.0
2017,CA,Rosemead,108620.0,698557.0
2011,CA,Los Banos,72752.0,231523.0
2011,CA,Pittsburg,129094.0,3230481.0
2013,CA,Azusa,95822.0,70267.0
2013,CA,Blythe,39728.0,760174.0
2014,CA,West Covina,215104.0,39750.0
2015,CA,Arroyo Grande,36080.0,207243.0
2015,CA,Firebaugh,16570.0,569346.0
2011,CA,Fairfield,212416.0,25509.0
2013,CA,Santa Clara,2192572.0,1376028.0
2015,CA,Moreno Valley,405916.0,19935.0
2015,CA,Rio Vista,16580.0,684385.0
2017,CA,Red Bluff,28474.0,22349.0
2017,CA,Ventura,947303.0,15792.0
2018,CA,Fairfield,233768.0,22129.0
2018,CA,Kingsburg,24082.0,123091.0
2013,CA,King City,26404.0,190200.0
2014,CA,Hollister,73282.0,14717.0
2014,CA,Oroville,37876.0,0.0
2015,CA,West Covina,215354.0,40421.0
2017,CA,Stockton,618632.0,634122.0
2011,CA,Ukiah,31828.0,0.0
2014,CA,Fresno,2157596.0,755961.0
2014,CA,Maricopa,2368.0,2026689.0
2014,CA,Menifee,169416.0,869347.0
2017,CA,Arroyo Grande,36178.0,189423.0
2012,CA,Riverside,3249565.0,749872.0
2013,CA,Ontario,334332.0,300388.0
2015,CA,Blythe,38410.0,579259.0
2015,CA,Palo Alto,133664.0,187576.0
2016,CA,El Segundo,33720.0,4829655.0
2016,CA,South Gate,190792.0,61779.0
2018,CA,Thousand Oaks,255380.0,20017.0
2011,CA,Livingston,26728.0,89577.0
2012,CA,Half Moon Bay,23356.0,51076.0
2012,CA,Santa Paula,59864.0,22944.0
2015,CA,Vallejo,241116.0,0.0
2016,CA,Firebaugh,16602.0,302143.0
2011,CA,Union City,141208.0,26226.0
2012,CA,Ukiah,31810.0,0.0
2013,CA,San Ramon,147190.0,3.64474E7
2014,CA,Coalinga,32784.0,209405.0
2014,CA,Moreno Valley,403748.0,15554.0
2016,CA,Lancaster,319662.0,0.0
2017,CA,Gilroy,115158.0,126375.0
2018,CA,Elk Grove,345772.0,186877.0
2012,CA,Morro Bay,20732.0,115942.0
2012,CA,Pasadena,276326.0,729104.0
2013,CA,Chowchilla,34732.0,166653.0
2013,CA,Turlock,140400.0,1143781.0
2015,CA,Hollister,73850.0,14179.0
2016,CA,Pomona,305274.0,1684.0
2017,CA,Cupertino,121242.0,831772.0
2011,CA,Banning,59972.0,143862.0
2011,CA,Richmond,209776.0,2.0504781E7
2013,CA,Duarte,43322.0,14609.0
2013,CA,Vallejo,237150.0,0.0
2014,CA,Brawley,51398.0,105351.0
2014,CA,Ripon,29762.0,58547.0
2016,CA,Commerce,25894.0,121459.0
2016,CA,Compton,194820.0,26958.0
2017,CA,Irwindale,2908.0,24228.0
2018,CA,Modesto,430060.0,1451687.0
2011,CA,Lompoc,84382.0,54283.0
2013,CA,Chino,161696.0,109655.0
2014,CA,Walnut,59940.0,24574.0
2017,CA,Escondido,302798.0,1031412.0
2018,CA,Cerritos,100924.0,0.0
2018,CA,Redwood City,172400.0,0.0
2011,CA,Signal Hill,22120.0,29498.0
2012,CA,Tulare,711303.0,162705.0
2015,CA,Compton,195492.0,27193.0
2015,CA,Huron,13610.0,67322.0
2016,CA,Fontana,417942.0,246462.0
2016,CA,San Luis Obispo,498917.0,102495.0
2017,CA,Livermore,180060.0,80578.0
2018,CA,Corcoran,43352.0,53219.0
2011,CA,Coronado,46680.0,164579.0
2011,CA,Loma Linda,47070.0,59022.0
2011,CA,Long Beach,929138.0,3469872.0
2013,CA,Banning,60862.0,124995.0
2013,CA,Suisun City,57352.0,34596.0
2013,CA,Yuba City,131098.0,179547.0
2014,CA,Antioch,218238.0,1364381.0
2014,CA,Merced,520316.0,122056.0
2015,CA,Rancho Cucamonga,348734.0,198801.0
2015,CA,San Francisco,2591508.0,4.3913239E7
2017,CA,Loma Linda,48322.0,52092.0
2011,CA,Stockton,589844.0,798999.0
2013,CA,Huron,13538.0,48271.0
2014,CA,Chino,168734.0,108985.0
2015,CA,Camarillo,134526.0,120467.0
2015,CA,Escalon,14970.0,23445.0
2015,CA,Santa Paula,60744.0,13230.0
2016,CA,Avenal,24894.0,29450.0
2016,CA,Weed,5298.0,146585.0
2018,CA,Walnut,60012.0,0.0
2011,CA,Sacramento,2935353.0,7732734.0
2012,CA,Camarillo,131356.0,131397.0
2012,CA,San Juan Capistrano,70224.0,26832.0
2012,CA,Ventura,929342.0,22158.0
2013,CA,Escondido,297720.0,1516091.0
2014,CA,Kingsburg,23360.0,159303.0
2016,CA,Needles,9936.0,48968.0
2016,CA,Paramount,109680.0,136932.0
2017,CA,Sonora,9678.0,140230.0
2018,CA,Sunnyvale,306370.0,38476.0
2018,CA,Torrance,290364.0,1.0565995E7
2011,CA,Avalon,7484.0,22683.0
2011,CA,Imperial,243739.0,1094988.0
2013,CA,Arroyo Grande,35414.0,252533.0
2015,CA,La Mesa,119508.0,14495.0
2015,CA,Newman,21698.0,7443.0
2015,CA,Oakdale,44256.0,74009.0
2016,CA,San Bernardino,2868893.0,5475.0
2018,CA,Arcata,36514.0,14463.0
2018,CA,Bakersfield,767158.0,1.0595008E7
2012,CA,Williams,10274.0,312558.0
2013,CA,Barstow,46614.0,425887.0
2013,CA,Tehachapi,26590.0,468680.0
2014,CA,Chula Vista,520138.0,61837.0
2016,CA,Manteca,153432.0,17158.0
2016,CA,Riverside,3411687.0,621944.0
2017,CA,Ukiah,31934.0,0.0
2017,CA,Weed,5426.0,146646.0
2018,CA,San Luis Obispo,502515.0,114924.0
2011,CA,Corona,309764.0,126873.0
2013,CA,Newman,21278.0,14211.0
2015,CA,Ukiah,31674.0,0.0
2016,CA,Escondido,302766.0,933427.0
2016,CA,Shasta Lake,20206.0,74520.0
2018,CA,Benicia,56612.0,2855401.0
2018,CA,Suisun City,59426.0,43145.0
2011,CA,Morro Bay,20562.0,69027.0
2011,CA,Wheatland,7036.0,7797.0
2013,CA,Victorville,241566.0,1785144.0
2016,CA,Big Bear Lake,10470.0,0.0
2017,CA,South Gate,189994.0,61757.0
2018,CA,Los Banos,80148.0,230155.0
2011,CA,Anderson,19980.0,776094.0
2011,CA,Corcoran,48238.0,35192.0
2012,CA,Blythe,41306.0,713483.0
2012,CA,El Centro,86086.0,551685.0
2013,CA,Fairfield,218260.0,27952.0
2012,CA,Lodi,126146.0,17285.0
2014,CA,Lincoln,91492.0,552042.0
2014,CA,Palo Alto,133802.0,170279.0
2015,CA,Oakland,836526.0,113102.0
2016,CA,Gardena,119922.0,22913.0
2016,CA,Huntington Beach,401082.0,331649.0
2016,CA,San Ramon,151416.0,3.7573582E7
2017,CA,Hanford,112664.0,45290.0
2013,CA,El Centro,86696.0,607286.0
2013,CA,McFarland,24874.0,582365.0
2013,CA,Santa Maria,204224.0,115363.0
2016,CA,Livingston,27840.0,109845.0
2016,CA,Pasadena,283666.0,553946.0
2018,CA,Porterville,119976.0,9294.0
2018,CA,Sanger,50626.0,66723.0
2011,CA,Gilroy,99418.0,97289.0
2013,CA,Twentynine Palms,51400.0,36317.0
2014,CA,Lemoore,50050.0,159678.0
2015,CA,Calipatria,14792.0,189449.0
2017,CA,San Ramon,151522.0,3.784589E7
2017,CA,Tulare,731092.0,158508.0
2018,CA,Ontario,362214.0,321968.0
2018,CA,Richmond,220292.0,4743841.0
2011,CA,Rio Vista,14888.0,851354.0
2012,CA,Burbank,208250.0,1267684.0
2014,CA,Berkeley,237470.0,131972.0
2015,CA,Cerritos,99234.0,0.0
2015,CA,Salinas,313024.0,96562.0
2016,CA,Healdsburg,23630.0,0.0
2016,CA,Los Angeles,1.9112482E7,5.2271608E7
2017,CA,Kerman,29782.0,21752.0
2017,CA,Redlands,142856.0,1628979.0
2018,CA,Tulare,735687.0,161121.0
2011,CA,King City,26010.0,278267.0
2012,CA,Menifee,162330.0,1301805.0
2013,CA,Reedley,49862.0,129973.0
2013,CA,Weed,5766.0,144923.0
2014,CA,Corcoran,45656.0,53323.0
2015,CA,Vacaville,192602.0,33114.0
2016,CA,El Cajon,207146.0,11724.0
2017,CA,Los Angeles,1.9132292E7,5.0964621E7
2018,CA,Irvine,565144.0,2353358.0
2013,CA,Ione,13928.0,111517.0
2013,CA,San Bernardino,2807580.0,11496.0
2014,CA,Porterville,118368.0,10298.0
2016,CA,Newark,91714.0,32079.0
2016,CA,Taft,18730.0,65085.0
2016,CA,Tracy,178162.0,231368.0
2012,CA,Lemoore,49238.0,121056.0
2012,CA,San Ramon,145748.0,3.5798761E7
2014,CA,Sunnyvale,299712.0,42997.0
2016,CA,Sanger,49942.0,53460.0
2018,CA,Firebaugh,16672.0,423094.0
2011,CA,Menlo Park,64906.0,27507.0
2011,CA,Suisun City,56532.0,7324.0
2012,CA,Davis,131588.0,70152.0
2012,CA,Newport Beach,173130.0,12198.0
2013,CA,Fountain Valley,113264.0,24573.0
2014,CA,La Mesa,117784.0,14452.0
2014,CA,San Bernardino,2827498.0,8693.0
2016,CA,Red Bluff,28294.0,26046.0
2018,CA,Cupertino,120340.0,875981.0
2018,CA,Palmdale,313334.0,27255.0
2011,CA,Commerce,25786.0,108982.0
2011,CA,Goleta,59992.0,372290.0
2011,CA,Gridley,13094.0,0.0
2011,CA,Thousand Oaks,254660.0,26098.0
2012,CA,Pittsburg,131068.0,3990123.0
2014,CA,Arcata,35734.0,28958.0
2016,CA,Fountain Valley,113006.0,24846.0
2016,CA,Oakdale,45144.0,71170.0
2017,CA,San Bernardino,2891609.0,6082.0
2017,CA,Santa Fe Springs,35792.0,26824.0
2017,CA,Shafter,39004.0,1151566.0
2012,CA,Folsom,146214.0,1146989.0
2012,CA,Fullerton,276306.0,89300.0
2015,CA,Corona,326782.0,129853.0
2015,CA,San Marcos,186676.0,10788.0
2018,CA,Paramount,108774.0,115967.0
2011,CA,Delano,107238.0,14101.0
2011,CA,Marina,39758.0,21836.0
2012,CA,Fontana,402590.0,252828.0
2013,CA,Chula Vista,513638.0,63743.0
2015,CA,King City,27616.0,204910.0
2015,CA,Tracy,173768.0,404302.0
2018,CA,Holtville,13356.0,12419.0
2018,CA,Palo Alto,133332.0,212931.0
2013,CA,Folsom,145714.0,1133320.0
2015,CA,Santee,115060.0,26100.0
2016,CA,Petaluma,120972.0,37348.0
2017,CA,Rancho Mirage,36470.0,21090.0
2017,CA,Truckee,32996.0,61717.0
2017,CA,Turlock,146410.0,926721.0
2018,CA,Livingston,28854.0,108996.0
2018,CA,Sacramento,3148792.0,7348017.0
2011,CA,Glendale,385362.0,692779.0
2011,CA,Sonora,9732.0,45861.0
2014,CA,Brea,82582.0,406187.0
2015,CA,Azusa,99104.0,51639.0
2015,CA,Half Moon Bay,25310.0,45483.0
2016,CA,Industry,414.0,11786.0
2017,CA,Merced,531761.0,102728.0
2017,CA,Santa Rosa,364496.0,0.0
2018,CA,Sonora,9740.0,141797.0
2011,CA,Madera,346329.0,89544.0
2012,CA,Big Bear Lake,10220.0,0.0
2012,CA,La Palma,31518.0,0.0
2013,CA,Cupertino,120476.0,962603.0
2015,CA,Menifee,173232.0,361143.0
2017,CA,Anaheim,702602.0,1596488.0
2018,CA,Folsom,158044.0,314954.0
2018,CA,Glendale,402722.0,414378.0
2012,CA,Moreno Valley,396436.0,36839.0
2015,CA,Los Banos,74402.0,281535.0
2016,CA,San Joaquin,891205.0,5463.0
2016,CA,San Jose,2060718.0,1229222.0
2016,CA,San Marcos,190232.0,11303.0
2018,CA,Half Moon Bay,25946.0,45958.0
2012,CA,Rancho Cucamonga,340030.0,282508.0
2013,CA,Pasadena,278782.0,664371.0
2014,CA,Fontana,408304.0,267491.0
2016,CA,Pittsburg,141594.0,2707729.0
2016,CA,Santa Barbara,768947.0,35419.0
2016,CA,Stockton,612814.0,715470.0
2018,CA,Antioch,223070.0,1359579.0
2018,CA,Fullerton,279280.0,84126.0
2011,CA,Calipatria,15362.0,391637.0
2012,CA,Brea,80290.0,68221.0
2013,CA,San Jose,2002506.0,1520842.0
2014,CA,Union City,147052.0,37467.0
2016,CA,Reedley,51050.0,25.0
2016,CA,Willows,12040.0,39284.0
2017,CA,Fontana,422776.0,240871.0
2017,CA,Petaluma,121416.0,28736.0
2017,CA,Simi Valley,252732.0,0.0
2018,CA,Oakdale,46910.0,60184.0
2011,CA,El Cajon,201460.0,22813.0
2011,CA,Escondido,292204.0,952828.0
2011,CA,Oroville,37220.0,257427.0
2011,CA,San Luis Obispo,480291.0,50885.0
2012,CA,Ione,14632.0,39481.0
2012,CA,Livermore,167686.0,70099.0
2014,CA,Long Beach,939078.0,3287402.0
2015,CA,Benicia,56026.0,2839357.0
2015,CA,Sacramento,3051406.0,7623182.0
2017,CA,Willows,12016.0,51029.0
2018,CA,Big Bear Lake,10562.0,0.0
2018,CA,Livermore,180538.0,80461.0
2011,CA,Avenal,30188.0,61558.0
2012,CA,Escondido,295208.0,1165296.0
2015,CA,Los Angeles,1.9036527E7,5.7158146E7
2017,CA,Ione,15620.0,0.0
2017,CA,Lodi,131258.0,0.0
2017,CA,Walnut,60124.0,0.0
2011,CA,Berkeley,227906.0,130306.0
2011,CA,Rolling Hills Estates,16198.0,14624.0
2014,CA,Santa Cruz,530340.0,17734.0
2016,CA,Hayward,318294.0,303704.0
2017,CA,Lincoln,95192.0,503268.0
2018,CA,Roseville,278234.0,261150.0
2013,CA,San Luis Obispo,488655.0,60701.0
2014,CA,Ontario,336398.0,287084.0
2014,CA,Red Bluff,27970.0,7143.0
2015,CA,Mendota,22766.0,8560.0
2016,CA,Irwindale,2858.0,24179.0
2017,CA,Fullerton,279856.0,85919.0
2017,CA,Half Moon Bay,25650.0,45050.0
2017,CA,Shasta Lake,20338.0,68634.0
2018,CA,Blue Lake,2524.0,0.0
2018,CA,Chula Vista,543302.0,33698.0
2018,CA,Colton,109482.0,4670.0
2011,CA,Big Bear Lake,10170.0,0.0
2011,CA,Vallejo,233388.0,0.0
2012,CA,Rolling Hills Estates,16298.0,0.0
2013,CA,Newark,88196.0,49914.0
2016,CA,Stanton,77310.0,15576.0
2016,CA,Watsonville,107616.0,26286.0
2018,CA,Duarte,43054.0,14105.0
2011,CA,Huntington Beach,386020.0,684111.0
2013,CA,Kerman,28622.0,15958.0
2013,CA,Shasta Lake,20212.0,66725.0
2014,CA,Davis,133152.0,65546.0
2014,CA,Huntington Beach,399514.0,558482.0
2016,CA,Fremont,466756.0,27592.0
2017,CA,Newport Beach,171752.0,159649.0
2017,CA,Portola,3858.0,3843.0
2018,CA,Hollister,79498.0,17045.0
2012,CA,La Mirada,97732.0,7951.0
2012,CA,Marina,40316.0,19697.0
2012,CA,San Bernardino,2795564.0,10962.0
2013,CA,Big Bear Lake,10252.0,0.0
2013,CA,Loma Linda,47408.0,62240.0
2016,CA,Ventura,945530.0,13164.0
2011,CA,Visalia,251314.0,51380.0
2013,CA,Biggs,3380.0,0.0
2014,CA,Pittsburg,136006.0,3614128.0
2016,CA,Alturas,5156.0,0.0
2017,CA,El Cajon,207018.0,13199.0
2017,CA,Vernon,224.0,883602.0
2012,CA,La Mesa,116224.0,16037.0
2013,CA,Lincoln,90056.0,576164.0
2013,CA,Roseville,253318.0,259781.0
2014,CA,Eureka,53760.0,162549.0
2015,CA,Davis,134724.0,63730.0
2018,CA,Shasta Lake,20496.0,65312.0
2015,CA,San Diego,6571136.0,1.213658E7
2017,CA,Santa Paula,60388.0,10361.0
2018,CA,Anaheim,704010.0,1296750.0
2018,CA,Avalon,7446.0,22425.0
2018,CA,Ripon,31792.0,16707.0
2011,CA,Bakersfield,707280.0,1.6325651E7
2011,CA,Firebaugh,15530.0,672989.0
2011,CA,Petaluma,116400.0,36864.0
2012,CA,Biggs,3380.0,0.0
2014,CA,Suisun City,58148.0,25829.0
2015,CA,Richmond,218164.0,4588107.0
2016,CA,Goleta,61510.0,63339.0
2018,CA,Lodi,133990.0,0.0
2018,CA,Yuba City,133984.0,195173.0
2011,CA,Azusa,93444.0,115718.0
2012,CA,Los Angeles,1.8683549E7,5.9065148E7
2012,CA,Susanville,33202.0,26692.0
2012,CA,Yreka,15294.0,13038.0
2013,CA,Red Bluff,28054.0,5363.0
2014,CA,El Cajon,205554.0,29560.0
2014,CA,Santa Barbara,760541.0,28679.0
2016,CA,Rosemead,108846.0,1528993.0
2016,CA,Salinas,314288.0,93590.0
2017,CA,Carson,184658.0,8015685.0
2014,CA,Elk Grove,325600.0,216189.0
2015,CA,El Cajon,206496.0,16071.0
2017,CA,Escalon,15118.0,20849.0
2018,CA,South Lake Tahoe,44072.0,66157.0
2018,CA,Turlock,147008.0,1049474.0
2012,CA,Anderson,20054.0,840046.0
2013,CA,Sunnyvale,296242.0,46213.0
2014,CA,Newark,89326.0,36834.0
2017,CA,Apple Valley,145880.0,2057688.0
2017,CA,Blythe,39386.0,739532.0
2017,CA,Brea,85256.0,153574.0
2012,CA,Elk Grove,316246.0,215413.0
2012,CA,South San Francisco,131278.0,78257.0
2013,CA,Santa Cruz,526398.0,22865.0
2014,CA,Loma Linda,47534.0,62041.0
2015,CA,Alturas,5240.0,0.0
2015,CA,Madera,352750.0,143197.0
2015,CA,Pittsburg,138546.0,3112227.0
2016,CA,Ukiah,31674.0,0.0
2017,CA,Azusa,99732.0,217658.0
2017,CA,Roseville,270202.0,48244.0
2012,CA,Coalinga,33584.0,186351.0
2012,CA,Tehachapi,27650.0,543614.0
2014,CA,Alturas,5274.0,0.0
2017,CA,Fountain Valley,112256.0,26279.0
2017,CA,Stanton,76798.0,18072.0
2018,CA,Weed,5408.0,126504.0
2011,CA,Menifee,159572.0,1133611.0
2013,CA,Merced,515666.0,118374.0
2013,CA,Modesto,412364.0,1922811.0
2014,CA,Gardena,119790.0,20835.0
2015,CA,Bakersfield,744590.0,1.1361527E7
2016,CA,Folsom,154176.0,831719.0
2011,CA,Chula Vista,496678.0,54066.0
2011,CA,San Marcos,170046.0,5496.0
2012,CA,Cerritos,98828.0,0.0
2012,CA,Merced,513020.0,87619.0
2012,CA,Reedley,49548.0,132144.0
2013,CA,Norwalk,212384.0,53195.0
2013,CA,Yreka,15098.0,14278.0
2017,CA,Palo Alto,134438.0,208124.0
2018,CA,Rosemead,108824.0,1209810.0
2012,CA,Norwalk,212038.0,62802.0
2012,CA,San Marcos,173726.0,7684.0
2012,CA,Walnut,59712.0,29214.0
2013,CA,San Joaquin,854764.0,25144.0
2013,CA,Santa Ana,667774.0,54274.0
2015,CA,Reedley,50964.0,78121.0
2015,CA,Roseville,259922.0,360145.0
2015,CA,South Lake Tahoe,43460.0,98824.0
2017,CA,Menlo Park,68372.0,24533.0
2018,CA,Biggs,3448.0,0.0
2018,CA,Escondido,304426.0,789030.0
2011,CA,Holtville,12006.0,24987.0
2011,CA,Redding,180352.0,388870.0
2013,CA,Watsonville,104840.0,11333.0
2014,CA,Roseville,256608.0,244677.0
2015,CA,San Juan Capistrano,71962.0,24992.0
2016,CA,Menlo Park,67972.0,24531.0
2016,CA,Signal Hill,23242.0,28084.0
2011,CA,Healdsburg,22698.0,0.0
2011,CA,Portola,4120.0,11972.0
2011,CA,Santa Cruz,518032.0,30571.0
2014,CA,Fairfield,221470.0,27373.0
2015,CA,Brea,83458.0,404223.0
2011,CA,Moreno Valley,393154.0,0.0
2012,CA,Victorville,239770.0,1943985.0
2013,CA,Glendale,390900.0,722881.0
2014,CA,Goleta,61432.0,383134.0
2015,CA,Livingston,27630.0,102069.0
2017,CA,Compton,194348.0,25843.0
2017,CA,Susanville,30616.0,24836.0
2013,CA,El Segundo,33730.0,4753636.0
2014,CA,Torrance,294002.0,8030587.0
2015,CA,Gridley,13140.0,0.0
2016,CA,Cupertino,121910.0,1017438.0
2016,CA,Vacaville,196208.0,43141.0
2016,CA,Sutter,116762.0,165.0
2017,CA,Union City,150266.0,38807.0
2018,CA,El Segundo,33438.0,4828222.0
2011,CA,Yuba City,130716.0,230344.0
2012,CA,Chino,159964.0,102644.0
2013,CA,Elk Grove,320628.0,217311.0
2013,CA,Stockton,594344.0,210071.0
2015,CA,Selma,48898.0,10125.0
2016,CA,Eureka,54324.0,171847.0
2016,CA,La Mesa,119648.0,16341.0
2017,CA,Alturas,5074.0,0.0
2017,CA,La Mesa,119592.0,19049.0
2011,CA,Red Bluff,28122.0,22267.0
2012,CA,Napa,321373.0,24648.0
2012,CA,Shafter,34392.0,1288523.0
2012,CA,South Lake Tahoe,42580.0,113022.0
2015,CA,Ventura,943415.0,17899.0
2017,CA,Barstow,47970.0,397450.0
2011,CA,Vernon,224.0,778166.0
2012,CA,Chula Vista,504914.0,56268.0
2012,CA,Industry,408.0,11819.0
2012,CA,Pomona,300968.0,65682.0
2018,CA,Fontana,427478.0,230441.0
2018,CA,Lancaster,318106.0,0.0
2018,CA,Maricopa,2386.0,1186045.0
2011,CA,La Mesa,115288.0,16493.0
2011,CA,Tracy,168576.0,242938.0
2012,CA,Huntington Beach,388474.0,719485.0
2014,CA,Banning,61234.0,132228.0
2013,CA,Camarillo,131846.0,127824.0
2013,CA,Palo Alto,133310.0,185159.0
2014,CA,Santa Maria,206192.0,134480.0
2015,CA,Stanton,77356.0,17870.0
2015,CA,Sutter,116164.0,472390.0
2016,CA,Glendale,400888.0,413800.0
2017,CA,Oakland,847738.0,53966.0
2017,CA,Pico Rivera,126482.0,0.0
2011,CA,Chowchilla,37786.0,147484.0
2012,CA,Avalon,7512.0,22555.0
2012,CA,King City,26256.0,234134.0
2012,CA,Santee,110790.0,18898.0
2014,CA,Yreka,15088.0,16903.0
2015,CA,Ripon,30110.0,24547.0
2016,CA,Arcata,36198.0,16102.0
2016,CA,West Covina,215214.0,44426.0
2017,CA,Taft,18780.0,62253.0
2018,CA,Healdsburg,24208.0,0.0
2018,CA,Long Beach,934708.0,3346581.0
2018,CA,Santa Barbara,771348.0,30343.0
2013,CA,Wheatland,7016.0,14050.0
2014,CA,Firebaugh,16532.0,459872.0
2015,CA,Sunnyvale,303430.0,44716.0
2016,CA,Gridley,13156.0,14657.0
2017,CA,Blue Lake,2526.0,0.0
2018,CA,Fountain Valley,111628.0,26802.0
2018,CA,Truckee,33122.0,64996.0
2011,CA,El Centro,85956.0,453707.0
2012,CA,Escalon,14458.0,24485.0
2013,CA,Fullerton,277432.0,89424.0
2013,CA,Half Moon Bay,24116.0,48345.0
2013,CA,Irvine,472268.0,3791134.0
2015,CA,Ontario,340664.0,295796.0
2016,CA,West Sacramento,105892.0,0.0
2017,CA,Biggs,3422.0,0.0
2018,CA,Redding,183544.0,536255.0
2011,CA,San Diego,6269525.0,1.1311963E7
2012,CA,Santa Ana,661300.0,54811.0
2012,CA,Sonora,9632.0,117825.0
2013,CA,Long Beach,936606.0,3709201.0
2014,CA,Marina,41398.0,15979.0
2014,CA,Pomona,304650.0,55026.0
2014,CA,San Juan Capistrano,71624.0,26049.0
2014,CA,West Sacramento,103376.0,667529.0
2015,CA,Chowchilla,36800.0,195184.0
2015,CA,Long Beach,941416.0,3028897.0
2015,CA,McFarland,27916.0,510759.0
2016,CA,Huron,13856.0,62663.0
2016,CA,Richmond,219304.0,4488119.0
2012,CA,Redding,180794.0,433272.0
2013,CA,La Mesa,117164.0,12978.0
2013,CA,Ripon,29378.0,60158.0
2014,CA,Needles,9860.0,86379.0
2014,CA,Pasadena,279330.0,672391.0
2016,CA,Duarte,43526.0,13377.0
2016,CA,Fresno,2191715.0,591884.0
2016,CA,Ontario,345418.0,320136.0
2016,CA,Rancho Mirage,36134.0,17014.0
2017,CA,Chula Vista,538858.0,39018.0
2017,CA,Pasadena,283990.0,530257.0
2018,CA,King City,28046.0,179435.0
2018,CA,San Francisco,2649915.0,4.2332031E7
2018,CA,Yreka,15112.0,16768.0
2011,CA,American Canyon,39702.0,3446.0
2011,CA,San Juan Capistrano,69738.0,23304.0
2012,CA,Gardena,118784.0,27840.0
2013,CA,Hayward,303418.0,542888.0
2014,CA,Rancho Mirage,35540.0,21405.0
2015,CA,Anaheim,697934.0,1581221.0
2017,CA,Corcoran,43592.0,54849.0
2018,CA,Azusa,99916.0,41795.0
2015,CA,Irvine,511228.0,3767310.0
2017,CA,Delano,105828.0,26929.0
2017,CA,Lemoore,52540.0,110261.0
2018,CA,San Jacinto,97734.0,0.0
2011,CA,Cerritos,98478.0,0.0
2013,CA,Carson,185192.0,6386931.0
2014,CA,Fremont,456794.0,30772.0
2015,CA,Turlock,143426.0,1211351.0
2017,CA,Sanger,50188.0,39380.0
2012,CA,Newark,87088.0,34921.0
2012,CA,Oroville,37274.0,206470.0
2013,CA,Moreno Valley,400448.0,29302.0
2014,CA,Camarillo,133140.0,118716.0
2015,CA,Colton,108668.0,193325.0
2015,CA,South San Francisco,134594.0,31057.0
2017,CA,Calipatria,15052.0,152051.0
2018,CA,El Centro,88240.0,325628.0
2011,CA,Walnut,58952.0,29725.0
2011,CA,Williams,10274.0,371357.0
2012,CA,Oakland,802456.0,120436.0
2012,CA,Ripon,29216.0,66725.0
2014,CA,La Palma,31660.0,0.0
2015,CA,Berkeley,241478.0,148775.0
2015,CA,Cupertino,121142.0,993827.0
2015,CA,Menlo Park,66814.0,22145.0
2015,CA,Williams,10290.0,349974.0
2016,CA,Encinitas,125960.0,19680.0
2017,CA,Burbank,208702.0,936015.0
2017,CA,Industry,412.0,10976.0
2018,CA,Hayward,319240.0,389864.0
2018,CA,Menifee,185190.0,79383.0
2012,CA,Berkeley,230622.0,143529.0
2012,CA,Rio Vista,15098.0,1048505.0
2012,CA,Turlock,139300.0,1086055.0
2012,CA,West Covina,214260.0,39844.0
2014,CA,Dixon,38158.0,40200.0
2016,CA,Corcoran,45422.0,55558.0
2016,CA,Orange,3583009.0,93902.0
2018,CA,Eureka,53996.0,202839.0
2018,CA,Victorville,244624.0,1231711.0
2012,CA,Dixon,37194.0,37684.0
2013,CA,Brea,81844.0,138105.0
2014,CA,Petaluma,119450.0,34066.0
2014,CA,Visalia,257188.0,83903.0
2016,CA,Corona,332612.0,129309.0
2017,CA,Torrance,292050.0,1.0282922E7
2018,CA,Brawley,52452.0,108507.0
2013,CA,Morro Bay,20898.0,48933.0
2014,CA,Blythe,38546.0,703893.0
2014,CA,McFarland,27174.0,541436.0
2015,CA,Newport Beach,173394.0,179545.0
2016,CA,Antioch,222148.0,1059519.0
2012,CA,American Canyon,40060.0,3563.0
2014,CA,Oakdale,43534.0,76363.0
2017,CA,Lathrop,44480.0,28581.0
2017,CA,San Jose,2064272.0,1027667.0
2017,CA,Visalia,265220.0,97232.0
2012,CA,Apple Valley,140810.0,1625708.0
2012,CA,Vallejo,235208.0,0.0
2013,CA,La Palma,31704.0,0.0
2015,CA,Oxnard,412816.0,940652.0
2016,CA,Sonora,9624.0,139303.0
2018,CA,Berkeley,243286.0,138480.0
2012,CA,Fairfield,214942.0,27926.0
2012,CA,Irwindale,2828.0,39243.0
2013,CA,Goleta,60940.0,365514.0
2013,CA,Rancho Mirage,35228.0,19806.0
2015,CA,Carlsbad,225570.0,813594.0
2016,CA,Yuba City,132616.0,188713.0
2017,CA,Signal Hill,23140.0,30153.0
2018,CA,Manteca,163184.0,100986.0
2018,CA,Oxnard,419754.0,643310.0
2012,CA,Twentynine Palms,51234.0,34857.0
2014,CA,Santa Rosa,361842.0,0.0
2015,CA,Lodi,128462.0,18241.0
2017,CA,Eureka,54264.0,199429.0
2011,CA,Compton,193896.0,29851.0
2011,CA,San Jose,1939896.0,857281.0
2013,CA,South Lake Tahoe,42720.0,117224.0
2014,CA,Ione,13948.0,189967.0
2014,CA,South San Francisco,133790.0,31227.0
2017,CA,Healdsburg,23612.0,0.0
2017,CA,Tehachapi,25164.0,623696.0
2018,CA,Avenal,26436.0,31868.0
2011,CA,Woodland,111574.0,294833.0
2012,CA,Fresno,2121744.0,635235.0
2012,CA,Glendale,387882.0,650335.0
2014,CA,Huron,13560.0,63091.0
2016,CA,Menifee,176572.0,149373.0
2016,CA,Rio Vista,17226.0,564435.0
2018,CA,Lompoc,85520.0,36170.0
2011,CA,Hanford,109102.0,162296.0
2012,CA,Carson,184398.0,7277992.0
2012,CA,Commerce,25878.0,109436.0
2012,CA,Portola,4024.0,3921.0
2013,CA,Menlo Park,66058.0,28842.0
2013,CA,Rio Vista,15432.0,977800.0
2014,CA,Napa,326066.0,14684.0
2015,CA,Stockton,607852.0,649443.0
2017,CA,Coalinga,33460.0,0.0
2018,CA,Santa Rosa,355172.0,0.0
2018,CA,Ukiah,32354.0,0.0
2011,CA,Duarte,42858.0,13931.0
2012,CA,Lompoc,86174.0,51321.0
2013,CA,Encinitas,123142.0,11210.0
2013,CA,Huntington Beach,394424.0,524596.0
2014,CA,Azusa,97192.0,54179.0
2017,CA,Redding,183210.0,499101.0
2011,CA,Barstow,46036.0,568620.0
2011,CA,Brawley,50458.0,132230.0
2013,CA,Ceres,93130.0,55566.0
2014,CA,Palmdale,313858.0,24446.0
2015,CA,La Mirada,98362.0,8027.0
2015,CA,Tulare,722524.0,153664.0
2015,CA,Yreka,15110.0,16544.0
2017,CA,Salinas,313648.0,116910.0
2018,CA,Susanville,30330.0,29402.0
2012,CA,Azusa,94738.0,67641.0
2013,CA,Santee,112358.0,22257.0
2014,CA,Menlo Park,66464.0,25170.0
2014,CA,Rancho Cucamonga,346710.0,252689.0
2014,CA,Tulare,719419.0,154489.0
2014,CA,Vernon,226.0,999776.0
2017,CA,Riverside,3459188.0,686190.0
2018,CA,Commerce,25616.0,54321.0
2018,CA,Red Bluff,28566.0,18333.0
2012,CA,Goleta,60424.0,324695.0
2012,CA,Healdsburg,22780.0,0.0
2013,CA,Blue Lake,2482.0,132545.0
2013,CA,Los Angeles,1.881178E7,6.013999E7
2013,CA,San Rafael,118010.0,0.0
2014,CA,Modesto,415562.0,1995353.0
2014,CA,Sanger,49358.0,59863.0
2015,CA,Encinitas,125262.0,4145.0
2016,CA,Irvine,531442.0,2650441.0
2011,CA,Cupertino,118378.0,840039.0
2011,CA,Eureka,54312.0,216638.0
2013,CA,Arcata,35708.0,13544.0
2014,CA,Healdsburg,23226.0,0.0
2014,CA,San Joaquin,866647.0,17185.0
2012,CA,El Segundo,33604.0,4790230.0
2014,CA,Thousand Oaks,257458.0,20739.0
2015,CA,Lemoore,50942.0,157132.0
2016,CA,Arroyo Grande,36134.0,200292.0
2016,CA,Banning,61936.0,126466.0
2016,CA,Twentynine Palms,51924.0,45939.0
2017,CA,Hollister,76700.0,15679.0
2018,CA,Delano,106028.0,21693.0
2018,CA,Gridley,13226.0,28810.0
2011,CA,Kingsburg,23000.0,166646.0
2011,CA,Tulare,705684.0,132329.0
2012,CA,Delano,104810.0,13001.0
2013,CA,Benicia,55098.0,2738051.0
2013,CA,Petaluma,118612.0,20104.0
2013,CA,West Covina,214848.0,39532.0
2014,CA,Big Bear Lake,10318.0,0.0
2014,CA,Twentynine Palms,51538.0,42212.0
2015,CA,Santa Fe Springs,35766.0,27095.0
2016,CA,Newman,22152.0,7986.0
2016,CA,Santee,115508.0,23371.0
2017,CA,Porterville,119978.0,10141.0
2012,CA,Sanger,49026.0,45677.0
2014,CA,Calipatria,14990.0,182891.0
2016,CA,Modesto,422668.0,1790413.0
2016,CA,Williams,10376.0,384774.0
2017,CA,Santa Ana,666014.0,429027.0
2011,CA,Benicia,54300.0,4906194.0
2012,CA,Corcoran,47350.0,52521.0
2012,CA,Corona,315216.0,141277.0
2012,CA,Kingsburg,23166.0,141992.0
2014,CA,Richmond,215938.0,4295510.0
2014,CA,Rosemead,108964.0,2548289.0
2015,CA,Chino,170506.0,106682.0
2017,CA,Rancho Cucamonga,354230.0,231447.0
2018,CA,Pomona,304722.0,0.0
2012,CA,Alameda,1849429.0,0.0
2016,CA,Moreno Valley,409484.0,15193.0
2013,CA,Vacaville,188094.0,4017.0
2014,CA,Woodland,114708.0,302347.0
2017,CA,Brawley,52424.0,110330.0
2018,CA,Banning,62506.0,0.0
2018,CA,Davis,138578.0,56228.0
2011,CA,Weed,5960.0,102570.0
2012,CA,Tracy,169466.0,342120.0
2014,CA,Coronado,47128.0,159231.0
2014,CA,Los Banos,73724.0,293118.0
2014,CA,Oakland,826312.0,114499.0
2014,CA,Shasta Lake,20226.0,62960.0
2014,CA,Wheatland,7016.0,22294.0
2016,CA,Brea,84890.0,391781.0
2018,CA,Lemoore,52948.0,120941.0
2018,CA,Petaluma,123834.0,27043.0
2011,CA,Sunnyvale,287624.0,38840.0
2012,CA,Orange,3482019.0,168432.0
2013,CA,Irwindale,2828.0,31592.0
2014,CA,Sutter,115495.0,490472.0
2016,CA,Lathrop,43148.0,26231.0
2017,CA,King City,27948.0,183047.0
2011,CA,Palmdale,308070.0,34630.0
2011,CA,Willows,12278.0,31346.0
2012,CA,Lathrop,37240.0,122439.0
2013,CA,Berkeley,233936.0,132498.0
2014,CA,Taft,17786.0,63781.0
2015,CA,Victorville,243198.0,1454773.0
2017,CA,Norwalk,211240.0,35296.0
2017,CA,Reedley,51096.0,0.0
2017,CA,Santa Barbara,770320.0,29560.0
2018,CA,Los Angeles,1.9131119E7,4.8934932E7
2018,CA,Portola,3864.0,2101.0
2018,CA,Redlands,143172.0,820892.0
2018,CA,Solana Beach,26758.0,4584.0
2014,CA,Livermore,174116.0,60964.0
2015,CA,Portola,3828.0,4307.0
2016,CA,Woodland,118112.0,305304.0
2017,CA,Berkeley,243998.0,137612.0
2018,CA,Pasadena,282742.0,562844.0
2012,CA,Mendota,22728.0,232894.0
2013,CA,Anaheim,688738.0,1808190.0
2013,CA,Marina,40570.0,18055.0
2013,CA,Sutter,115164.0,420530.0
2012,CA,Fountain Valley,112676.0,23234.0
2012,CA,Los Banos,73028.0,264962.0
2013,CA,Williams,10312.0,338792.0
2014,CA,Morro Bay,21000.0,16.0
2014,CA,Santee,113734.0,25141.0
2014,CA,Williams,10266.0,327312.0
2015,CA,Barstow,47394.0,404895.0
2017,CA,Bakersfield,758342.0,1.0713267E7
2017,CA,Colton,109444.0,225894.0
2017,CA,Corona,335006.0,104889.0
2018,CA,Madera,362279.0,150412.0
2011,CA,West Sacramento,98222.0,448799.0
2013,CA,Alameda,1879051.0,0.0
2013,CA,Oakland,813688.0,115884.0
2013,CA,Palmdale,313228.0,30082.0
2015,CA,Folsom,152052.0,1108852.0
2016,CA,Dixon,39518.0,36764.0
2017,CA,Alameda,1965633.0,11423.0
2017,CA,Firebaugh,16612.0,390765.0
2017,CA,West Covina,214230.0,42005.0
2018,CA,San Joaquin,915040.0,3992.0
2012,CA,San Diego,6347073.0,1.3774672E7
2013,CA,American Canyon,40508.0,1166.0
2013,CA,Carlsbad,221446.0,647599.0
2014,CA,Blue Lake,2478.0,124713.0
2014,CA,San Ramon,148750.0,3.7099098E7
2015,CA,Modesto,418732.0,1894919.0
2015,CA,Tehachapi,26038.0,607988.0
2015,CA,Woodland,116756.0,312539.0
2016,CA,Los Banos,75048.0,230090.0
2016,CA,Walnut,59942.0,0.0
2011,CA,Carson,183408.0,6993365.0
2013,CA,Sonora,9624.0,116843.0
2014,CA,Folsom,150078.0,1170116.0
2015,CA,Ceres,95052.0,69826.0
2017,CA,Goleta,61870.0,19328.0
2017,CA,Modesto,426396.0,1779655.0
2018,CA,Menlo Park,69098.0,24990.0
2011,CA,Gardena,118248.0,25424.0
2011,CA,Oakland,792270.0,89425.0
2012,CA,Red Bluff,28120.0,12998.0
2013,CA,Artesia,33380.0,15684.0
2013,CA,Burbank,208860.0,973309.0
2013,CA,Oroville,37464.0,0.0
2014,CA,Newport Beach,173546.0,172457.0
2014,CA,Portola,3864.0,2053.0
2014,CA,Santa Ana,667338.0,49391.0
2015,CA,Blue Lake,2496.0,57803.0
2015,CA,Commerce,25968.0,120528.0
2016,CA,Delano,105220.0,18763.0
2017,CA,Twentynine Palms,53008.0,55455.0
2011,CA,Coalinga,36068.0,207914.0
2014,CA,Riverside,3325408.0,894599.0
2015,CA,Irwindale,2846.0,28280.0
2015,CA,Lincoln,92646.0,548923.0
2016,CA,Palo Alto,134812.0,198942.0
2017,CA,El Segundo,33556.0,5145579.0
2017,CA,Ontario,350964.0,316008.0
2018,CA,Santee,116230.0,21607.0
2011,CA,Fontana,399832.0,227755.0
2014,CA,Anaheim,690446.0,1976537.0
2016,CA,Davis,135960.0,65502.0
2017,CA,Carlsbad,229282.0,728870.0
2011,CA,Carlsbad,214936.0,670843.0
2012,CA,Anaheim,685052.0,1613981.0
2012,CA,Firebaugh,15794.0,296111.0
2012,CA,Ontario,333330.0,297494.0
2012,CA,Suisun City,56934.0,25661.0
2012,CA,Willows,12166.0,43644.0
2013,CA,Fremont,449776.0,28966.0
2013,CA,Redlands,139674.0,2132068.0
2015,CA,Escondido,301648.0,1203561.0
2016,CA,Tulare,725889.0,154215.0
2017,CA,Folsom,155764.0,740726.0
2018,CA,Santa Ana,665450.0,420966.0
2012,CA,Truckee,32162.0,10594.0
2012,CA,Woodland,112568.0,295814.0
2013,CA,Kingsburg,23294.0,131259.0
2013,CA,Walnut,59880.0,26567.0
2014,CA,American Canyon,40658.0,0.0
2015,CA,Pasadena,282422.0,499461.0
2017,CA,Martinez,76776.0,6996359.0
2017,CA,South Lake Tahoe,43888.0,88357.0
2018,CA,Dixon,40994.0,30760.0
2018,CA,San Marcos,193694.0,9043.0
2018,CA,Selma,49614.0,10515.0
2017,NY,New York,2.9658771E7,405540.0
2016,NY,New York,2.9753825E7,529414.0
2018,NY,New York,2.9569657E7,488064.0
2013,NY,New York,2.9654589E7,110255.0
2015,NY,New York,2.9766306E7,80168.0
2012,NY,New York,2.9546619E7,3903.0
2011,NY,New York,2.9379692E7,50093.0
2014,NY,New York,2.9724663E7,63240.0
2018,WI,Onalaska,80636.0,17664.0
2015,CO,Greenwood Village,31238.0,12005.0
2012,CO,Denver,1905831.0,102149.0
2013,CO,Greenwood Village,29372.0,30289.0
2013,CO,Denver,1948539.0,360177.0
2014,CO,Denver,1994610.0,26902.0
2014,CO,Greenwood Village,30770.0,12988.0
2018,CO,Denver,2149476.0,16855.0
2015,CO,Denver,2050995.0,0.0
